{
    "resources": [
        {
            "name": "Component-dbg.js",
            "isDebug": true
        },
        {
            "name": "Invoices.json"
        },
        {
            "name": "manifest.json"
        },
        {
            "name": "model/Models.js"
        },
        {
            "name": "model/InvoicesFormatter.js"
        },
        {
            "name": "controller/InvoicesList.controller.js"
        },
        {
            "name": "controller/HelloPanel.controller.js"
        },
        {
            "name": "controller/HelloDialog.js"
        },
        {
            "name": "controller/Details.controller.js"
        },
        {
            "name": "controller/App.controller.js"
        },
        {
            "name": "control/ProductRating.js"
        },
        {
            "name": "index.js"
        },
        {
            "name": "Component.js"
        },
        {
            "name": "manifest-bundle.zip"
        },
        {
            "name": "Component-preload.js",
            "merged": true
        },
        {
            "name": "controller/Details-dbg.controller.js",
            "isDebug": true
        },
        {
            "name": "model/InvoicesFormatter-dbg.js",
            "isDebug": true
        },
        {
            "name": "controller/InvoicesList-dbg.controller.js",
            "isDebug": true
        },
        {
            "name": "controller/HelloPanel-dbg.controller.js",
            "isDebug": true
        },
        {
            "name": "controller/HelloDialog-dbg.js",
            "isDebug": true
        },
        {
            "name": "model/Models-dbg.js",
            "isDebug": true
        },
        {
            "name": "controller/App-dbg.controller.js",
            "isDebug": true
        },
        {
            "name": "control/ProductRating-dbg.js",
            "isDebug": true
        },
        {
            "name": "index-dbg.js",
            "isDebug": true
        },
        {
            "name": "i18n/i18n.properties",
            "raw": "i18n/i18n.properties"
        },
        {
            "name": "../../sap-ui-version.json"
        },
        {
            "name": "view/View1.view.xml"
        },
        {
            "name": "view/Overview.view.xml"
        },
        {
            "name": "view/InvoicesList.view.xml"
        },
        {
            "name": "view/HelloPanel.view.xml"
        },
        {
            "name": "view/HelloDialog.fragment.xml"
        },
        {
            "name": "view/Form01.fragment.xml"
        },
        {
            "name": "view/Details.view.xml"
        },
        {
            "name": "view/App.view.xml"
        },
        {
            "name": "css/style.css"
        },
        {
            "name": "index.html"
        }
    ]
}