{
  "controller/App-dbg.controller.js": 1639706886640,
  "Invoices.json": 1638109440060,
  "manifest.json": 1647309937164,
  "model/Models.js": 1639694053312,
  "model/InvoicesFormatter.js": 1639617546037,
  "controller/InvoicesList.controller.js": 1639271323161,
  "controller/HelloPanel.controller.js": 1641343598706,
  "controller/HelloDialog.js": 1639706379748,
  "controller/Details.controller.js": 1639446308136,
  "controller/App.controller.js": 1639706886640,
  "control/ProductRating.js": 1639447584205,
  "index.js": 1638134511440,
  "Component.js": 1639707072544,
  "manifest-bundle.zip": 1647309936626,
  "Component-preload.js": 1647309937098,
  "controller/Details-dbg.controller.js": 1639446308136,
  "model/InvoicesFormatter-dbg.js": 1639617546037,
  "controller/InvoicesList-dbg.controller.js": 1639271323161,
  "controller/HelloPanel-dbg.controller.js": 1641343598706,
  "controller/HelloDialog-dbg.js": 1639706379748,
  "model/Models-dbg.js": 1639694053312,
  "i18n/i18n.properties": 1639708014595,
  "control/ProductRating-dbg.js": 1639447584205,
  "index-dbg.js": 1638134511440,
  "Component-dbg.js": 1639707072544,
  "resources.json": 1647309937168,
  "view/View1.view.xml": 1638209195450,
  "view/Overview.view.xml": 1641340802330,
  "view/InvoicesList.view.xml": 1639707909091,
  "view/HelloPanel.view.xml": 1639695361979,
  "view/HelloDialog.fragment.xml": 1638109440060,
  "view/Form01.fragment.xml": 1639694881979,
  "view/Details.view.xml": 1639699790456,
  "view/App.view.xml": 1639703636173,
  "css/style.css": 1639444560910,
  "index.html": 1641342919137
}