{
    "welcomeFile": "/index.html",
    "authenticationMethod": "none",
    "logout": {
      "logoutEndpoint": "/do/logout"
    },
    "routes": [
      {
          "source": "^/Northwind/(.*)$",
          "target": "$1",
          "destination": "Northwind",
          "authenticationType": "none",
          "csrfProtection": false
      },
      {
        "source": "^(.*)$",
        "target": "$1",
        "service": "html5-apps-repo-rt",
        "authenticationType": "xsuaa"
      }
    ]
  }